id,cus_name,surname,addr_line,addr_line2,city,state,postal,account_identifier,cell
1,Michael,P.,567 Xavier Lodge Apt. 242,Suite 956,South Caitlin,WV,66421,lkim@hicks-murphy.info,001-428-756-9671x168
2,Shawn,M.,67015 Laura Track,Suite 426,South Frankbury,NH,99928,michael70@brown.biz,074.206.7306x00593
3,Kathleen,P.,15065 Lewis Oval,Apt. 934,East Andrewburgh,RI,87715,tammy79@lopez-rodgers.biz,001-781-848-0480x5255
4,Jimmy,C.,5354 Thomas Overpass,Apt. 272,North Jacqueline,OK,99941,kristopher13@yahoo.com,+1-858-339-9663
5,Katherine,R.,6049 Turner Prairie Suite 787,Suite 529,Victortown,MI,91550,sprice@johnson.net,+1-175-903-2563x3258
6,Sarah,R.,11235 Johnson Keys Suite 531,Suite 816,West Seanmouth,NY,26536,melissa82@faulkner.com,+1-749-638-1633x77221
7,Martin,M.,798 Michael Rapids Suite 105,Suite 982,Port Melanie,MA,32832,christian20@porter-duncan.com,726.354.1236
8,Frank,R.,109 Jeffrey Route,Apt. 117,Lake Christopher,MI,04379,angela35@gmail.com,878-549-0751x1011
9,Jennifer,F.,774 Rogers Run,Apt. 012,Joyceton,MS,84977,michael29@obrien.com,2329090783
10,Henry,W.,768 Dylan Key,Suite 735,Melissamouth,MD,49105,gary60@gmail.com,(785)456-4314x2508
11,Fred,S.,19646 Lynch Square,Apt. 151,New Sallybury,OR,82654,dustin14@gmail.com,858-165-4893x674
12,Amy,D.,135 Francis Gateway,Apt. 715,New Ana,VT,08788,gjensen@mcclure-fields.com,353.028.9599x12410
13,Kathleen,M.,86280 Breanna Pike,Suite 994,Karenshire,MA,80454,wallerchristine@yahoo.com,001-289-993-2685
14,Steve,F.,5492 Dennis Highway,Suite 488,North Benjamin,IA,67033,kevinchambers@gmail.com,527-098-3495x0374
15,Teresa,H.,0467 Boyd Pine,Suite 220,Port Colinbury,WA,83265,zmorse@lyons.biz,(729)869-4413
16,Amanda,H.,0369 Johnson Ways Suite 621,Apt. 337,South Dannyborough,WY,22795,juliefernandez@stevens-holland.biz,9679728640
17,Kimberly,R.,2035 Charles Manor,Apt. 332,East Dylan,CT,55285,xjohnson@yahoo.com,843.201.3378
18,Johnny,K.,309 Curtis Burgs Suite 491,Suite 198,Lake Laurachester,DE,49681,rowerachel@brown.com,747.308.6558x4567
19,Virginia,F.,065 Patrick Branch,Apt. 120,East Jennifermouth,TX,71541,daniellechandler@gmail.com,+1-024-838-0956x6799
20,Anna,A.,57026 Evans Station,Suite 674,South Christine,ME,88331,davidwatts@yahoo.com,+1-261-407-1106x953
21,Willie,H.,336 Jessica Viaduct Apt. 710,Suite 733,Wendyshire,KS,64661,ehenson@nolan.com,(497)390-3991x40915
22,Sean,H.,232 Earl Mission,Apt. 943,Danielleland,CA,10585,mphillips@wilson.biz,+1-684-542-6250x1053
23,Mildred,A.,941 Burch Ramp Apt. 163,Apt. 286,South Amanda,OK,66970,hernandezmary@hotmail.com,932.875.3766x8245
24,David,G.,638 Ramirez Springs Apt. 420,Suite 817,Port Michaelland,PA,28123,nrowland@flores.com,(767)968-6161x905
25,Victor,H.,90254 Tonya Garden Apt. 357,Suite 053,South Robertport,VT,38488,awall@hotmail.com,995-570-1207x8059
26,Aaron,R.,617 Benjamin Harbors,Apt. 050,East Chad,WI,95183,chadwallace@hotmail.com,(047)396-5601
27,Benjamin,B.,844 Taylor Plaza,Suite 422,New Julie,WI,87010,lhayes@chapman.com,+1-599-401-7365
28,Lisa,W.,06472 Rebecca Street Apt. 673,Apt. 149,West Rileymouth,WY,91104,aaron69@yahoo.com,(017)301-7870
29,Benjamin,K.,294 Jessica Glens,Apt. 209,West Jamesmouth,CT,18384,francisco40@ellis.com,985.342.3220
30,Christina,W.,4001 Miller Shoal Suite 580,Apt. 787,Gonzalestown,LA,73680,fcabrera@simpson.net,416-358-8676
31,Jane,G.,695 Collins Shoals Apt. 038,Apt. 786,South Amandamouth,OH,45671,mcbridepatrick@hotmail.com,486.187.9691
32,Thomas,O.,677 Snow Course,Apt. 148,Brockton,AR,46264,janettaylor@todd-hunt.com,(079)072-6861x87183
33,Katherine,M.,190 Jordan Parks Apt. 854,Suite 766,Douglaschester,MD,04143,ggross@yahoo.com,001-484-836-9337x47559
34,Jennifer,S.,95573 Mcdonald Forest,Suite 373,East Cindy,NH,76986,catherine75@miller.com,(048)938-5530x9103
35,Sara,T.,270 Todd Rue,Apt. 327,Port Jamesbury,MN,99186,lawrence15@gallagher.com,037-825-9087x992
36,Harold,O.,1583 Zhang Junctions,Apt. 053,Port Matthew,WA,55361,cfox@wood.com,+1-624-144-9836
37,Shirley,J.,957 Gardner Shore Suite 460,Suite 085,Lisaborough,KS,29744,ibutler@yahoo.com,5608546317
38,Dennis,J.,213 Peter Knolls Suite 971,Suite 526,Lake Hollyport,PA,29261,destiny21@gmail.com,3937192163
39,Louise,W.,91386 Joseph Hill,Suite 712,Cainport,IN,31893,rshaw@petersen.biz,001-881-100-6618x628
40,Maria,A.,68725 Watson Crossing Suite 202,Suite 709,Danielsbury,RI,25548,gserrano@robinson.net,8259302821
41,Gloria,C.,42671 Jason Inlet Apt. 062,Suite 286,Burgesschester,SC,53782,tonynewman@mason-freeman.com,068.934.5063x7234
42,Diana,S.,923 Omar Extension,Suite 767,South Kimberly,NJ,41663,brittany68@jennings.info,(675)700-4871
43,Kelly,N.,753 Young Streets Apt. 042,Suite 918,East Larryville,HI,30438,phunt@snyder.info,+1-741-895-5234x9317
44,Jane,R.,487 Raymond Ford,Suite 376,West Scottmouth,LA,81534,juliacantrell@yahoo.com,811-192-8834
45,Scott,B.,743 Cline Forest,Apt. 513,Sharpstad,TN,87238,arnoldmelinda@hotmail.com,+1-333-841-5401x67111
46,Norma,C.,03242 Natasha Estates,Suite 369,Jamesland,MT,98035,frederickmcdonald@phillips.com,332-374-3389
47,Marie,P.,9460 King Street,Apt. 165,Chapmanstad,NJ,61985,carpenterluke@gmail.com,001-864-998-9159x3240
48,Lillian,C.,36786 Hill Corner Apt. 532,Apt. 598,Matthewhaven,MT,31855,nathanduarte@hotmail.com,+1-076-087-8289x36330
49,Judy,N.,07005 Hardin Landing Apt. 087,Apt. 385,South Kellyview,IL,83515,henry44@stanley-evans.com,(891)564-5056x1339
50,Billy,L.,0888 Benjamin Points,Suite 839,West Timothyhaven,UT,04470,jacksontravis@olson.com,+1-382-954-7833
51,Howard,R.,362 Williams Rapids Apt. 290,Apt. 907,Bakerbury,LA,46483,evillarreal@reynolds.biz,(927)720-4531
52,Laura,F.,92846 Kenneth Islands Suite 219,Suite 652,Kennedystad,KY,08720,jonhale@forbes.net,977-411-8950
53,Anne,B.,92843 Erica Turnpike,Suite 060,North Paulaland,ND,07498,arnoldwillie@rodriguez.info,151.225.0199x901
54,Rose,M.,665 Lori View,Apt. 813,Dunntown,MT,24485,sharondavis@hotmail.com,628.574.1947x5207
55,Nicholas,R.,7700 Daisy Junctions Apt. 902,Suite 648,Jeffreyshire,TX,75037,christensenjose@gutierrez.com,998.686.4072
56,Joshua,K.,62960 James Islands,Apt. 234,West Lindsayside,OK,55960,kmontoya@gmail.com,+1-967-171-4156x69870
57,Paul,W.,487 Lee Camp Suite 342,Apt. 353,West Theresa,SD,95726,michaelhenderson@shaw.org,001-780-799-9420x340
58,Kathryn,K.,88615 Charles Roads,Suite 667,Yatesfort,NJ,42032,ricejanice@hotmail.com,475-276-7022x6611
59,Adam,A.,45980 Jenkins Court Apt. 350,Suite 861,Lake Elizabethborough,TN,14638,bobbyhernandez@yahoo.com,9107017826
60,Norma,W.,10384 Chung Pass,Apt. 488,West Williamtown,ME,24047,andersontimothy@gmail.com,841-347-4613
61,Timothy,R.,9193 Rogers Port Suite 721,Suite 586,Carriehaven,OH,42493,eric31@walker-flowers.com,(580)395-1246x62463
62,Elizabeth,P.,44408 Carter Drives,Suite 784,Greenburgh,VT,20883,heather02@roberts.org,6035144560
63,Edward,G.,42419 Jessica Meadows Apt. 347,Apt. 057,New Robertchester,WV,64833,whitedouglas@yahoo.com,570.765.9022x16189
64,David,C.,75125 Terry Lane Apt. 574,Suite 399,Mckenziechester,NV,18291,palmermarissa@yahoo.com,001-368-117-7773x217
65,Brenda,W.,3961 Sullivan Villages,Suite 694,Rodneyton,NV,95496,burnettbilly@yahoo.com,(196)092-0830x840
66,Adam,W.,8150 Gloria Causeway,Apt. 972,West Susanmouth,SD,79902,terry84@phillips-brown.com,939-525-5903
67,Michael,H.,602 Charles Highway,Apt. 966,Taylorfort,IN,05783,palmerdavid@price.com,1476130038
68,Jesse,E.,69470 Patricia Branch Suite 003,Apt. 172,Kimberlybury,MD,45779,zhatfield@hotmail.com,+1-646-563-1028x135
69,Janet,P.,81360 Chelsea Brook,Suite 562,Austinstad,MA,78825,amywillis@yahoo.com,643-862-1484
70,Helen,F.,548 Danielle Fall Apt. 838,Suite 934,East Benjaminview,NE,12047,johnlee@horne.com,2084559013
71,Gerald,C.,29340 Gibson Islands Apt. 335,Apt. 725,Rubioport,CO,08546,ulevy@hotmail.com,+1-623-361-3299x6638
72,Kathryn,O.,7998 Paul Underpass Suite 239,Suite 554,Jacquelinemouth,MT,68751,christina65@gmail.com,892-372-0262x680
73,Alan,B.,9104 Garrett Extensions Suite 498,Suite 251,Lake Lisa,MN,90957,amandaparker@lee.com,(128)321-4868x20196
74,Harry,A.,6333 Oscar Mountains,Apt. 527,East Cody,NJ,79970,michael51@yahoo.com,(298)812-8129x1727
75,Andrea,H.,58526 Young Garden Suite 685,Suite 139,Port Jenniferchester,NC,24799,leonardisaiah@yahoo.com,(048)132-9638x44068
76,Barbara,W.,5335 Ball Street,Suite 856,Jacksonhaven,KS,34489,smithkristina@hotmail.com,159.296.8507x41278
77,Anne,W.,9723 Davidson Manor,Apt. 476,North Adam,CO,73244,xbright@taylor-cole.com,3882676220
78,Harry,H.,9616 Robert Highway,Apt. 270,Piercefurt,DE,99726,brettbuchanan@yahoo.com,+1-808-413-5180x146
79,Jack,R.,9451 Kelley Fall Apt. 327,Suite 164,North Robertland,WV,86276,bobby24@gmail.com,203.749.5722x69178
80,Phillip,H.,6991 Alexis Common,Apt. 051,Morrisborough,IN,60715,jeffreymcmillan@holder.com,849-955-1333x5886
81,Shirley,H.,68320 Jacob Knolls Suite 867,Suite 556,South Monicaborough,IN,26323,wendy31@gmail.com,+1-669-855-9705x5614
82,Arthur,D.,077 Torres Pike Suite 590,Suite 473,Cohenmouth,WY,23334,jacqueline26@riley.org,001-822-955-3246
83,Virginia,R.,1957 Jennifer Village,Suite 187,Masonhaven,CO,63709,ystuart@hotmail.com,786.108.1449
84,Christina,R.,371 Jeremy Field,Apt. 130,Kennethview,NJ,23898,danielclayton@yahoo.com,610-726-9888
85,Theresa,M.,7063 Tiffany Way,Apt. 568,Padillafurt,VT,48533,sherylhall@elliott.com,+1-923-264-4181
86,Jason,C.,3098 Wong Shoal,Suite 166,Michelleshire,LA,50201,robertsmith@adkins.com,690-380-9628
87,Phillip,B.,0740 Smith Vista,Apt. 278,Jamieshire,WY,13045,annette29@hernandez.info,207-047-6342
88,Adam,T.,1790 James Prairie,Apt. 078,Garciashire,ND,05338,kelleyjustin@gmail.com,+1-549-760-9366x4269
89,Margaret,J.,386 Lindsay Isle,Suite 959,Haleland,MA,46719,rachelsnyder@anderson.com,636-737-5208x2857
90,Paul,P.,203 Diana Burg,Apt. 242,East Lawrence,NH,21571,vbean@ho.com,+1-042-245-8371x884
91,Todd,W.,33409 Hale Trafficway,Suite 903,Carrfurt,MO,48178,bterrell@gmail.com,(902)837-3263x82856
92,Willie,O.,50548 Gonzalez Bypass,Apt. 688,North Katie,KY,00714,jamesjames@peterson-rivera.com,694.851.4527x5535
93,Frances,R.,45814 Johnson Knolls Apt. 511,Apt. 747,Smithhaven,IL,29994,cflores@gmail.com,+1-488-196-7582x7253
94,Gregory,H.,87802 Perkins Plaza,Apt. 602,South Christopherborough,MS,80305,angela12@hotmail.com,2512179848
95,Lisa,P.,09449 Jones Fork Suite 512,Suite 953,Amberberg,MN,01063,ifarmer@gmail.com,699.794.0469x94037
96,Jacqueline,A.,4525 Patel Locks,Suite 056,Chambersfurt,OH,83796,guytucker@chapman.com,031-620-9659x64158
97,Shirley,D.,16793 Bradley Plaza,Apt. 718,West Veronicachester,GA,17366,christopher47@jones.com,001-486-804-0036x3241
98,Nicole,M.,77062 Huerta Stream Suite 190,Apt. 015,North Terrifort,WY,59315,brocksue@avila.com,351-767-6032
99,Mary,G.,3390 Charles Place,Apt. 002,West Elizabeth,NE,70727,floresdavid@gmail.com,913-599-5023x56270
100,Jean,M.,53900 Michelle Brook Suite 551,Apt. 594,Bradleyhaven,GA,91356,mary56@nelson.com,+1-168-019-7287
